<?xml version="1.0" encoding="UTF-8"?>
<project-private xmlns="http://www.netbeans.org/ns/project-private/1">
    <editor-bookmarks xmlns="http://www.netbeans.org/ns/editor-bookmarks/2" lastBookmarkId="0"/>
    <open-files xmlns="http://www.netbeans.org/ns/projectui-open-files/2">
        <group>
            <file>file:/C:/Users/Endrit%20Gashi/Desktop/Berufsfachschule/BK/Informatik/2.%20Lehjahr/05Modul_226A/Promillerechner/ch.bbbaden.m226a.police/src/ch/bbbaden/m226a/police/Starter.java</file>
            <file>file:/C:/Users/Endrit%20Gashi/Desktop/Berufsfachschule/BK/Informatik/2.%20Lehjahr/05Modul_226A/Promillerechner/ch.bbbaden.m226a.police/test/ch/bbbaden/m226a/police/SpruchTest.java</file>
            <file>file:/C:/Users/Endrit%20Gashi/Desktop/Berufsfachschule/BK/Informatik/2.%20Lehjahr/05Modul_226A/Promillerechner/ch.bbbaden.m226a.police/src/ch/bbbaden/m226a/police/Spruch.java</file>
            <file>file:/C:/Users/Endrit%20Gashi/Desktop/Berufsfachschule/BK/Informatik/2.%20Lehjahr/05Modul_226A/Promillerechner/ch.bbbaden.m226a.police/src/ch/bbbaden/m226a/police/Person.java</file>
            <file>file:/C:/Users/Endrit%20Gashi/Desktop/Berufsfachschule/BK/Informatik/2.%20Lehjahr/05Modul_226A/Promillerechner/ch.bbbaden.m226a.police/src/ch/bbbaden/m226a/police/AlkoholischesGetraenk.java</file>
            <file>file:/C:/Users/Endrit%20Gashi/Desktop/Berufsfachschule/BK/Informatik/2.%20Lehjahr/05Modul_226A/Promillerechner/ch.bbbaden.m226a.police/src/ch/bbbaden/m226a/police/GUI.java</file>
        </group>
    </open-files>
</project-private>
